Wednesday October 15,,,,,,,,,,,,,
Hour,Solar Irradiance (W/m2),,,,,,,,,3256.6,,,100
8:00,100,,,,2 Week Average:,Hour,Solar Irradiance (W/m2),,,,,,
9:00,214,,,,,8:00,82.53,3%,2.53,,,,
10:00,325,,,,,9:00,222.4,7%,6.83,,,,
11:00,472,,,,,10:00,354.4,11%,10.88,,,,
12:00,438,,,,,11:00,444,14%,13.63,,,,
13:00,532,,,,,12:00,487.27,15%,14.96,,,,
14:00,500,,,,,13:00,492.07,15%,15.11,,,,
15:00,453,,,,,14:00,460.2,14%,14.13,,,,
16:00,284,,,,,15:00,373.93,11%,11.48,,,,
17:00,119,,,,,16:00,245.33,8%,7.53,,,,
18:00,2,,,,,17:00,94.33,3%,2.9,,,,
,,,,,,18:00,0.13,0%,0,,,,
Thursday October 16,,,,,,,,,,,,,
Hour,Solar Irradiance (W/m2),,,,,,,,,,,,
8:00,36,,,,,,,,,,,,
9:00,82,,,,,,,,,,,,
10:00,161,,,,,,,,,,,,
11:00,155,,,,,,,,,,,,
12:00,172,,,,,,,,,,,,
13:00,173,,,,,,,,,,,,
14:00,158,,,,,,,,,,,,
15:00,166,,,,,,,,,,,,
16:00,277,,,,,,,,,,,,
17:00,56,,,,,,,,,,,,
,,,,,,,,,,,,,
Friday October 17,,,,,,,,,,,,,
Hour,Solar Irradiance (W/m2),,,,,,,,,,,,
8:00,102,,,,,,,,,,,,
9:00,89,,,,,,,,,,,,
10:00,160,,,,,,,,,,,,
11:00,154,,,,,,,,,,,,
12:00,188,,,,,,,,,,,,
13:00,171,,,,,,,,,,,,
14:00,156,,,,,,,,,,,,
15:00,127,,,,,,,,,,,,
16:00,85,,,,,,,,,,,,
17:00,36,,,,,,,,,,,,
,,,,,,,,,,,,,
Saturday October 18,,,,,,,,,,,,,
Hour,Solar Irradiance (W/m2),,,,,,,,,,,,
8:00,93,,,,,,,,,,,,
9:00,237,,,,,,,,,,,,
10:00,357,,,,,,,,,,,,
11:00,431,,,,,,,,,,,,
12:00,468,,,,,,,,,,,,
13:00,451,,,,,,,,,,,,
14:00,402,,,,,,,,,,,,
15:00,310,,,,,,,,,,,,
16:00,202,,,,,,,,,,,,
17:00,85,,,,,,,,,,,,
,,,,,,,,,,,,,
Sunday October 19,,,,,,,,,,,,,
Hour,Solar Irradiance (W/m2),,,,,,,,,,,,
8:00,101,,,,,,,,,,,,
9:00,271,,,,,,,,,,,,
10:00,424,,,,,,,,,,,,
11:00,527,,,,,,,,,,,,
12:00,578,,,,,,,,,,,,
13:00,575,,,,,,,,,,,,
14:00,571,,,,,,,,,,,,
15:00,483,,,,,,,,,,,,
16:00,328,,,,,,,,,,,,
17:00,135,,,,,,,,,,,,
,,,,,,,,,,,,,
Monday October 20,,,,,,,,,,,,,
Hour,Solar Irradiance (W/m2),,,,,,,,,,,,
8:00,29,,,,,,,,,,,,
9:00,78,,,,,,,,,,,,
10:00,120,,,,,,,,,,,,
11:00,151,,,,,,,,,,,,
12:00,167,,,,,,,,,,,,
13:00,167,,,,,,,,,,,,
14:00,336,,,,,,,,,,,,
15:00,365,,,,,,,,,,,,
16:00,285,,,,,,,,,,,,
17:00,127,,,,,,,,,,,,
,,,,,,,,,,,,,
Tuesday October 21,,,,,,,,,,,,,
Hour,Solar Irradiance (W/m2),,,,,,,,,,,,
8:00,95,,,,,,,,,,,,
9:00,301,,,,,,,,,,,,
10:00,476,,,,,,,,,,,,
11:00,597,,,,,,,,,,,,
12:00,661,,,,,,,,,,,,
13:00,662,,,,,,,,,,,,
14:00,567,,,,,,,,,,,,
15:00,355,,,,,,,,,,,,
16:00,80,,,,,,,,,,,,
17:00,93,,,,,,,,,,,,
,,,,,,,,,,,,,
Wednesday October 22,,,,,,,,,,,,,
Hour,Solar Irradiance (W/m2),,,,,,,,,,,,
8:00,94,,,,,,,,,,,,
9:00,298,,,,,,,,,,,,
10:00,471,,,,,,,,,,,,
11:00,593,,,,,,,,,,,,
12:00,658,,,,,,,,,,,,
13:00,660,,,,,,,,,,,,
14:00,599,,,,,,,,,,,,
15:00,481,,,,,,,,,,,,
16:00,315,,,,,,,,,,,,
17:00,122,,,,,,,,,,,,
,,,,,,,,,,,,,
Thursday October 23,,,,,,,,,,,,,
Hour,Solar Irradiance (W/m2),,,,,,,,,,,,
8:00,106,,,,,,,,,,,,
9:00,299,,,,,,,,,,,,
10:00,467,,,,,,,,,,,,
11:00,588,,,,,,,,,,,,
12:00,653,,,,,,,,,,,,
13:00,655,,,,,,,,,,,,
14:00,594,,,,,,,,,,,,
15:00,476,,,,,,,,,,,,
16:00,310,,,,,,,,,,,,
17:00,118,,,,,,,,,,,,
,,,,,,,,,,,,,
Friday October 24,,,,,,,,,,,,,
Hour,Solar Irradiance (W/m2),,,,,,,,,,,,
8:00,103,,,,,,,,,,,,
9:00,294,,,,,,,,,,,,
10:00,462,,,,,,,,,,,,
11:00,584,,,,,,,,,,,,
12:00,648,,,,,,,,,,,,
13:00,650,,,,,,,,,,,,
14:00,589,,,,,,,,,,,,
15:00,471,,,,,,,,,,,,
16:00,305,,,,,,,,,,,,
17:00,114,,,,,,,,,,,,
,,,,,,,,,,,,,
Saturday October 25,,,,,,,,,,,,,
Hour,Solar Irradiance (W/m2),,,,,,,,,,,,
8:00,73,,,,,,,,,,,,
9:00,229,,,,,,,,,,,,
10:00,383,,,,,,,,,,,,
11:00,502,,,,,,,,,,,,
12:00,580,,,,,,,,,,,,
13:00,596,,,,,,,,,,,,
14:00,511,,,,,,,,,,,,
15:00,376,,,,,,,,,,,,
16:00,216,,,,,,,,,,,,
17:00,66,,,,,,,,,,,,
,,,,,,,,,,,,,
Sunday October 26,,,,,,,,,,,,,
Hour,Solar Irradiance (W/m2),,,,,,,,,,,,
8:00,96,,,,,,,,,,,,
9:00,285,,,,,,,,,,,,
10:00,449,,,,,,,,,,,,
11:00,562,,,,,,,,,,,,
12:00,611,,,,,,,,,,,,
13:00,594,,,,,,,,,,,,
14:00,529,,,,,,,,,,,,
15:00,410,,,,,,,,,,,,
16:00,257,,,,,,,,,,,,
17:00,89,,,,,,,,,,,,
,,,,,,,,,,,,,
Monday October 27,,,,,,,,,,,,,
Hour,Solar Irradiance (W/m2),,,,,,,,,,,,
8:00,36,,,,,,,,,,,,
9:00,111,,,,,,,,,,,,
10:00,186,,,,,,,,,,,,
11:00,236,,,,,,,,,,,,
12:00,262,,,,,,,,,,,,
13:00,276,,,,,,,,,,,,
14:00,295,,,,,,,,,,,,
15:00,274,,,,,,,,,,,,
16:00,193,,,,,,,,,,,,
17:00,74,,,,,,,,,,,,
,,,,,,,,,,,,,
Tuesday October 28,,,,,,,,,,,,,
Hour,Solar Irradiance (W/m2),,,,,,,,,,,,
8:00,89,,,,,,,,,,,,
9:00,278,,,,,,,,,,,,
10:00,444,,,,,,,,,,,,
11:00,565,,,,,,,,,,,,
12:00,628,,,,,,,,,,,,
13:00,630,,,,,,,,,,,,
14:00,569,,,,,,,,,,,,
15:00,450,,,,,,,,,,,,
16:00,284,,,,,,,,,,,,
17:00,96,,,,,,,,,,,,
,,,,,,,,,,,,,
Wednesday October 29,,,,,,,,,,,,,
Hour,Solar Irradiance (W/m2),,,,,,,,,,,,
8:00,85,,,,,,,,,,,,
9:00,270,,,,,,,,,,,,
10:00,431,,,,,,,,,,,,
11:00,543,,,,,,,,,,,,
12:00,597,,,,,,,,,,,,
13:00,589,,,,,,,,,,,,
14:00,527,,,,,,,,,,,,
15:00,412,,,,,,,,,,,,
16:00,259,,,,,,,,,,,,
17:00,85,,,,,,,,,,,,